,precision,recall,f1-score,support
CD,0.7739938080495357,0.5030181086519114,0.6097560975609756,497.0
HYP,0.5704225352112676,0.30916030534351147,0.400990099009901,262.0
MI,0.7811634349030471,0.5117967332123412,0.618421052631579,551.0
NORM,0.7796296296296297,0.8743509865005192,0.824278022515908,963.0
STTC,0.731457800511509,0.5489443378119002,0.6271929824561404,521.0
micro avg,0.7579451458424031,0.6231209735146743,0.6839520722844236,2794.0
macro avg,0.7273334416609978,0.5494540943040367,0.6161276508349008,2794.0
weighted avg,0.7503291076798067,0.6231209735146743,0.6690785490232167,2794.0
samples avg,0.6646981627296588,0.6518835880809016,0.6439003948035907,2794.0
